ave_fitness	ave_genome_length	ave_tree_depth	ave_tree_nodes	ave_used_codons	best_fitness	gen	invalids	max_genome_length	max_tree_depth	max_tree_nodes	max_used_codons	min_genome_length	min_tree_depth	min_tree_nodes	min_used_codons	runtime_error	time_adjust	time_taken	total_inds	total_time	unique_inds	unused_search	
-2.7260151078010875	29.666666666666668	8.0	29.666666666666668	19.966666666666665	-1.2093624801638936	0	0	39	8	39	26	22	8	22	15	0	0	4.578793048858643	30	4.578793048858643	30	0.0	
-0.2972181935431569	31.933333333333334	8.0	28.576923076923077	19.26923076923077	-0.018063597605433745	1	5	48	8.0	39.0	26.0	15	8.0	22.0	15.0	0	0	3.639178991317749	60	8.217972040176392	45	25.0	
-0.0051056464064251315	33.733333333333334	8.0	28.233333333333334	19.066666666666666	-0.0006367546559187254	2	6	49	8	39	26	19	8	22	15	0	0	4.411339998245239	90	12.62931203842163	56	37.77777777777778	
-2.1019018543969556	30.633333333333333	8.0	29.925925925925927	20.14814814814815	-0.0003881196205104409	3	10	50	8.0	39.0	26.0	14	8.0	22.0	15.0	0	0	4.118535995483398	120	16.74784803390503	66	44.99999999999999	
-0.06576076434385346	31.366666666666667	8.0	29.814814814814813	20.074074074074073	-0.0003881196205104409	4	14	47	8.0	39.0	26.0	12	8.0	22.0	15.0	0	0	4.310994863510132	150	21.05884289741516	76	49.33333333333333	
